<?xml version="1.0" encoding="UTF-8"?>
<project-private xmlns="http://www.netbeans.org/ns/project-private/1">
    <editor-bookmarks xmlns="http://www.netbeans.org/ns/editor-bookmarks/2" lastBookmarkId="0"/>
    <open-files xmlns="http://www.netbeans.org/ns/projectui-open-files/2">
        <group>
            <file>file:/D:/Github/Practica-MACHO/Grupo11/src/EscribeEmpleados.java</file>
            <file>file:/D:/Github/Practica-MACHO/Grupo11/src/FicheDAO.java</file>
            <file>file:/D:/Github/Practica-MACHO/Grupo11/src/Empleado.java</file>
            <file>file:/D:/Github/Practica-MACHO/Grupo11/src/Fecha.java</file>
        </group>
    </open-files>
</project-private>
